{
  "ticker": "ABBV",
  "approach": "ORIGINAL",
  "group": "LOW",
  "train_samples": 808,
  "test_samples": 203,
  "features": 124,
  "train_corr": NaN,
  "test_corr": NaN,
  "train_rmse": 0.032472608138233806,
  "test_rmse": 0.038868264779033816,
  "sharpe": 2.6858940492706056,
  "total_return": 2.2383177353635575,
  "avg_return": 0.0065627770254646015,
  "volatility": 0.038788147858764985,
  "win_rate": 0.6108374384236454,
  "max_drawdown": -0.6509827364583733,
  "num_trades": 203,
  "epochs_trained": 200,
  "final_train_loss": 0.001084549119696021,
  "final_val_loss": 0.0015412259381264448,
  "timestamp": "2025-10-31 15:10:29"
}