{
  "ticker": "COST",
  "approach": "ADAPTIVE",
  "group": "LOW",
  "train_samples": 603,
  "test_samples": 151,
  "features": 185,
  "train_corr": 0.0788599736096953,
  "test_corr": 0.11515381642974862,
  "train_rmse": 0.029819565883577398,
  "test_rmse": 0.02519633860477439,
  "sharpe": 1.040865328042173,
  "total_return": 0.2206349415760369,
  "avg_return": 0.0016269100470867716,
  "volatility": 0.02481242831765982,
  "win_rate": 0.4900662251655629,
  "max_drawdown": -0.48140355815261915,
  "num_trades": 151,
  "epochs_trained": 200,
  "final_train_loss": 0.001036102999933064,
  "final_val_loss": 0.000782493909355253,
  "timestamp": "2025-10-31 15:22:05"
}