{
  "ticker": "CRM",
  "approach": "ORIGINAL",
  "group": "MEDIUM",
  "train_samples": 808,
  "test_samples": 203,
  "features": 124,
  "train_corr": NaN,
  "test_corr": NaN,
  "train_rmse": 0.052864020225013436,
  "test_rmse": 0.04273956025633337,
  "sharpe": -2.042584864874512,
  "total_return": -0.7235811644579144,
  "avg_return": -0.005424384962070824,
  "volatility": 0.04215709380378563,
  "win_rate": 0.4729064039408867,
  "max_drawdown": -0.8618880536269558,
  "num_trades": 203,
  "epochs_trained": 200,
  "final_train_loss": 0.0028460202738642693,
  "final_val_loss": 0.0018766899593174458,
  "timestamp": "2025-10-31 15:15:23"
}