{
  "ticker": "CSCO",
  "approach": "MULTI-SCALE",
  "group": "LOW",
  "train_samples": 603,
  "test_samples": 151,
  "features": 185,
  "train_corr": 0.07124033146297175,
  "test_corr": 0.1345804765987286,
  "train_rmse": 0.02861337032746722,
  "test_rmse": 0.032701080893749394,
  "sharpe": 2.733554399539645,
  "total_return": 1.1475527090438224,
  "avg_return": 0.005620116001129958,
  "volatility": 0.03263757095339785,
  "win_rate": 0.6225165562913907,
  "max_drawdown": -0.41248496283955705,
  "num_trades": 151,
  "epochs_trained": 200,
  "final_train_loss": 0.0012368386378511786,
  "final_val_loss": 0.0015163408825173974,
  "timestamp": "2025-10-31 15:17:17"
}