{
  "ticker": "HD",
  "approach": "MULTI-SCALE",
  "group": "MEDIUM",
  "train_samples": 603,
  "test_samples": 151,
  "features": 185,
  "train_corr": NaN,
  "test_corr": NaN,
  "train_rmse": 0.03180563894820095,
  "test_rmse": 0.027484215319401997,
  "sharpe": 2.189567789117302,
  "total_return": 0.6716971308488453,
  "avg_return": 0.0037868621468885306,
  "volatility": 0.027454995108391535,
  "win_rate": 0.5827814569536424,
  "max_drawdown": -0.3988666598518332,
  "num_trades": 151,
  "epochs_trained": 200,
  "final_train_loss": 0.0010916073806583881,
  "final_val_loss": 0.000829255033750087,
  "timestamp": "2025-10-31 15:18:48"
}