{
  "ticker": "KO",
  "approach": "ORIGINAL",
  "group": "LOW",
  "train_samples": 808,
  "test_samples": 203,
  "features": 124,
  "train_corr": NaN,
  "test_corr": NaN,
  "train_rmse": 0.02227385520674369,
  "test_rmse": 0.02383746210410966,
  "sharpe": 2.221036086951288,
  "total_return": 0.8530635550939207,
  "avg_return": 0.0033202285188423455,
  "volatility": 0.023730813763100756,
  "win_rate": 0.4827586206896552,
  "max_drawdown": -0.3957113203150052,
  "num_trades": 203,
  "epochs_trained": 200,
  "final_train_loss": 0.0005555449752137065,
  "final_val_loss": 0.0006271808524616063,
  "timestamp": "2025-10-31 15:18:19"
}