{
  "ticker": "MA",
  "approach": "MULTI-SCALE",
  "group": "MEDIUM",
  "train_samples": 603,
  "test_samples": 151,
  "features": 185,
  "train_corr": 0.05739004074131598,
  "test_corr": 0.2423108100809466,
  "train_rmse": 0.024466602544480482,
  "test_rmse": 0.03132779710844909,
  "sharpe": 1.4751584919707668,
  "total_return": 0.436570277810326,
  "avg_return": 0.0029033687357032044,
  "volatility": 0.031243795215773692,
  "win_rate": 0.6423841059602649,
  "max_drawdown": -0.4097135765499149,
  "num_trades": 151,
  "epochs_trained": 200,
  "final_train_loss": 0.0007389981183223426,
  "final_val_loss": 0.001132864155806601,
  "timestamp": "2025-10-31 15:21:12"
}