{
  "ticker": "META",
  "approach": "ADAPTIVE",
  "group": "MEDIUM",
  "train_samples": 603,
  "test_samples": 151,
  "features": 185,
  "train_corr": 0.3841098771347578,
  "test_corr": 0.267804048558768,
  "train_rmse": 0.05664172438023158,
  "test_rmse": 0.04917973351826661,
  "sharpe": 2.604761893881254,
  "total_return": 1.8061843682214063,
  "avg_return": 0.008069466442968928,
  "volatility": 0.04917870183350446,
  "win_rate": 0.5960264900662252,
  "max_drawdown": -0.6265265353685167,
  "num_trades": 151,
  "epochs_trained": 200,
  "final_train_loss": 0.004088344518095255,
  "final_val_loss": 0.0031584440730512142,
  "timestamp": "2025-10-31 15:16:48"
}