{
  "ticker": "MRK",
  "approach": "MULTI-SCALE",
  "group": "LOW",
  "train_samples": 603,
  "test_samples": 151,
  "features": 185,
  "train_corr": NaN,
  "test_corr": NaN,
  "train_rmse": 0.02911025534741928,
  "test_rmse": 0.044489534601741265,
  "sharpe": -0.6771144748134861,
  "total_return": -0.352177230692451,
  "avg_return": -0.0018947640676027606,
  "volatility": 0.04442150953041391,
  "win_rate": 0.45695364238410596,
  "max_drawdown": -0.6728948066276675,
  "num_trades": 151,
  "epochs_trained": 200,
  "final_train_loss": 0.0009336096700280905,
  "final_val_loss": 0.0020650720689445734,
  "timestamp": "2025-10-31 15:27:46"
}