{
  "ticker": "PG",
  "approach": "ADAPTIVE",
  "group": "LOW",
  "train_samples": 603,
  "test_samples": 151,
  "features": 185,
  "train_corr": -0.023661901181514663,
  "test_corr": -0.281761426012472,
  "train_rmse": 0.02107268756907049,
  "test_rmse": 0.025364071254920233,
  "sharpe": -2.01096860226584,
  "total_return": -0.40539120622704705,
  "avg_return": -0.0031302457605869595,
  "volatility": 0.02471003818467129,
  "win_rate": 0.4503311258278146,
  "max_drawdown": -0.4911035128476758,
  "num_trades": 151,
  "epochs_trained": 200,
  "final_train_loss": 0.0006990825640968978,
  "final_val_loss": 0.0008849347941577435,
  "timestamp": "2025-10-31 15:27:21"
}