{
  "ticker": "V",
  "approach": "ADAPTIVE",
  "group": "LOW",
  "train_samples": 603,
  "test_samples": 151,
  "features": 185,
  "train_corr": -0.0919571709709968,
  "test_corr": 0.04907408767267421,
  "train_rmse": 0.02454698271100895,
  "test_rmse": 0.03058470172333477,
  "sharpe": 0.8108058053189682,
  "total_return": 0.17721042789760633,
  "avg_return": 0.0015503579137472847,
  "volatility": 0.03035396236194375,
  "win_rate": 0.5827814569536424,
  "max_drawdown": -0.38397843532974113,
  "num_trades": 151,
  "epochs_trained": 200,
  "final_train_loss": 0.002100413665175438,
  "final_val_loss": 0.002424113918095827,
  "timestamp": "2025-10-31 15:09:20"
}