{
  "ticker": "AMZN",
  "train_samples": 808,
  "test_samples": 203,
  "features": 124,
  "train_corr": 0.554559129157613,
  "test_corr": -0.02169524621495114,
  "train_rmse": 0.04558416732524008,
  "test_rmse": 0.042788471601412276,
  "sharpe": -1.4512721159129245,
  "total_return": -0.6205218391190399,
  "avg_return": -0.0038576975316670717,
  "volatility": 0.04219680729831307,
  "win_rate": 0.4444444444444444,
  "max_drawdown": -0.8608453067208164,
  "num_trades": 0,
  "timestamp": "2025-10-31 16:23:56"
}