{
  "ticker": "AVGO",
  "train_samples": 808,
  "test_samples": 203,
  "features": 124,
  "train_corr": 0.5955102515570313,
  "test_corr": 0.23638891625382147,
  "train_rmse": 0.04777400542458211,
  "test_rmse": 0.0702351551396911,
  "sharpe": 3.2157737414263963,
  "total_return": 9.391839218948093,
  "avg_return": 0.013928913834494948,
  "volatility": 0.0687593935442256,
  "win_rate": 0.6059113300492611,
  "max_drawdown": -0.8846253325093927,
  "num_trades": 2,
  "timestamp": "2025-10-31 16:23:56"
}