{
  "ticker": "BAC",
  "train_samples": 808,
  "test_samples": 203,
  "features": 124,
  "train_corr": 0.3600409660408997,
  "test_corr": 0.083046686275475,
  "train_rmse": 0.04029085508942784,
  "test_rmse": 0.04162511608962443,
  "sharpe": -1.6684590729190107,
  "total_return": -0.654303268631421,
  "avg_return": -0.004340058844461941,
  "volatility": 0.041293370263173514,
  "win_rate": 0.6055045871559633,
  "max_drawdown": -0.7547768307918493,
  "num_trades": 0,
  "timestamp": "2025-10-31 16:24:02"
}