{
  "ticker": "DIS",
  "train_samples": 808,
  "test_samples": 203,
  "features": 124,
  "train_corr": 0.44364941903807653,
  "test_corr": 0.2115686968868194,
  "train_rmse": 0.04042799781516948,
  "test_rmse": 0.044118299253229874,
  "sharpe": 4.509855430065385,
  "total_return": 9.40718267581954,
  "avg_return": 0.012527808645111068,
  "volatility": 0.04409737739254543,
  "win_rate": 0.6212121212121212,
  "max_drawdown": -0.31717084390390843,
  "num_trades": 1,
  "timestamp": "2025-10-31 16:24:09"
}