{
  "ticker": "GE",
  "train_samples": 808,
  "test_samples": 203,
  "features": 124,
  "train_corr": 0.4517902023924636,
  "test_corr": -0.16477669424811772,
  "train_rmse": 0.03951175065636527,
  "test_rmse": 0.04471531418659555,
  "sharpe": 5.728437481653987,
  "total_return": 18.310903030447776,
  "avg_return": 0.015648101980111604,
  "volatility": 0.043363643013101937,
  "win_rate": 0.6945812807881774,
  "max_drawdown": -0.5996790383176209,
  "num_trades": 3,
  "timestamp": "2025-10-31 16:24:03"
}