{
  "ticker": "HD",
  "train_samples": 808,
  "test_samples": 203,
  "features": 124,
  "train_corr": 0.2358584059046529,
  "test_corr": NaN,
  "train_rmse": 0.03468759944168155,
  "test_rmse": 0.03000506419213118,
  "sharpe": 0.08263036614428013,
  "total_return": -0.05844946607131796,
  "avg_return": 0.00015616500602958213,
  "volatility": 0.03000159302625413,
  "win_rate": 0.5270935960591133,
  "max_drawdown": -0.597191755381746,
  "num_trades": 0,
  "timestamp": "2025-10-31 16:24:02"
}