{
  "ticker": "INTC",
  "train_samples": 808,
  "test_samples": 203,
  "features": 124,
  "train_corr": 0.673487214933568,
  "test_corr": -0.0680440258429856,
  "train_rmse": 0.047017670956486235,
  "test_rmse": 0.10182696900347932,
  "sharpe": 0.019448763781129145,
  "total_return": -0.5949971758399499,
  "avg_return": 0.00011651368163982376,
  "volatility": 0.09510102423722139,
  "win_rate": 0.5142857142857142,
  "max_drawdown": -0.9419231793496993,
  "num_trades": 2,
  "timestamp": "2025-10-31 16:24:10"
}