{
  "ticker": "ISRG",
  "train_samples": 808,
  "test_samples": 203,
  "features": 124,
  "train_corr": 0.46660106486511077,
  "test_corr": -0.07436585891088636,
  "train_rmse": 0.04341652152302055,
  "test_rmse": 0.05622552757372403,
  "sharpe": -1.0746378696965262,
  "total_return": -0.6619302874140385,
  "avg_return": -0.003729195689373876,
  "volatility": 0.05508753039103464,
  "win_rate": 0.3684210526315789,
  "max_drawdown": -0.9041281460835463,
  "num_trades": 0,
  "timestamp": "2025-10-31 16:24:11"
}