{
  "ticker": "KO",
  "train_samples": 808,
  "test_samples": 203,
  "features": 124,
  "train_corr": NaN,
  "test_corr": NaN,
  "train_rmse": 0.022273839588588158,
  "test_rmse": 0.023849969599183448,
  "sharpe": 2.221036086951288,
  "total_return": 0.8530635550939207,
  "avg_return": 0.0033202285188423455,
  "volatility": 0.023730813763100756,
  "win_rate": 0.4827586206896552,
  "max_drawdown": -0.3957113203150052,
  "num_trades": 0,
  "timestamp": "2025-10-31 16:24:04"
}