{
  "ticker": "MCD",
  "train_samples": 808,
  "test_samples": 203,
  "features": 124,
  "train_corr": NaN,
  "test_corr": NaN,
  "train_rmse": 0.02541513783200139,
  "test_rmse": 0.023294052726481263,
  "sharpe": 0.9871164216029009,
  "total_return": 0.26993165361377836,
  "avg_return": 0.0014484729349458067,
  "volatility": 0.02329390383629607,
  "win_rate": 0.5073891625615764,
  "max_drawdown": -0.39256832502932587,
  "num_trades": 0,
  "timestamp": "2025-10-31 16:24:08"
}