{
  "ticker": "MSFT",
  "train_samples": 808,
  "test_samples": 203,
  "features": 124,
  "train_corr": NaN,
  "test_corr": NaN,
  "train_rmse": 0.03544293001588478,
  "test_rmse": 0.03340899581018118,
  "sharpe": 2.9784308654936855,
  "total_return": 2.159419702214707,
  "avg_return": 0.006226815468235401,
  "volatility": 0.033187821237765126,
  "win_rate": 0.6305418719211823,
  "max_drawdown": -0.6215371563515311,
  "num_trades": 1,
  "timestamp": "2025-10-31 16:23:55"
}