{
  "ticker": "PG",
  "train_samples": 808,
  "test_samples": 203,
  "features": 124,
  "train_corr": NaN,
  "test_corr": NaN,
  "train_rmse": 0.023870928976252547,
  "test_rmse": 0.02469394105471291,
  "sharpe": -1.043629392173797,
  "total_return": -0.3227867057850953,
  "avg_return": -0.0016153316266137438,
  "volatility": 0.02457059450969753,
  "win_rate": 0.4827586206896552,
  "max_drawdown": -0.556603282453397,
  "num_trades": 0,
  "timestamp": "2025-10-31 16:24:03"
}