{
  "ticker": "T",
  "train_samples": 808,
  "test_samples": 203,
  "features": 124,
  "train_corr": 0.2497537688349583,
  "test_corr": 0.08579895272520321,
  "train_rmse": 0.034329368686018776,
  "test_rmse": 0.030331482542788425,
  "sharpe": 1.7559082885548867,
  "total_return": 0.7953995146424622,
  "avg_return": 0.0033463314451464905,
  "volatility": 0.030252926759197014,
  "win_rate": 0.5688622754491018,
  "max_drawdown": -0.41649097334479507,
  "num_trades": 0,
  "timestamp": "2025-10-31 16:24:11"
}