{
  "ticker": "AAPL",
  "group": "MEDIUM",
  "volatility_pct": 1.8177097526018116,
  "train_samples": 603,
  "test_samples": 151,
  "features": 89,
  "train_corr": 0.2589106766487731,
  "test_corr": -0.01732692664477168,
  "train_rmse": 0.03464172777907902,
  "test_rmse": 0.05251677818186913,
  "sharpe": 1.9690161903706036,
  "total_return": 1.156292942984213,
  "avg_return": 0.006512988444309231,
  "volatility": 0.05250870297486896,
  "win_rate": 0.5915492957746479,
  "max_drawdown": -0.5877975763689132,
  "num_trades": 142,
  "old_original_sharpe": -0.3807724051552844,
  "old_multiscale_sharpe": 1.8262148491899568,
  "improvement_vs_original": 2.349788595525888,
  "improvement_vs_multiscale": 0.1428013411806468,
  "timestamp": "2025-10-31 16:28:09"
}