{
  "ticker": "ABBV",
  "group": "LOW",
  "volatility_pct": 1.4448218120467566,
  "train_samples": 603,
  "test_samples": 151,
  "features": 185,
  "train_corr": 0.8025676866331751,
  "test_corr": 0.15231767895978238,
  "train_rmse": 0.02186554343181529,
  "test_rmse": 0.04271644721041163,
  "sharpe": 1.3589834646457544,
  "total_return": 0.48594137221870737,
  "avg_return": 0.0034268485329706304,
  "volatility": 0.04002957755467701,
  "win_rate": 0.6714285714285714,
  "max_drawdown": -0.48655010437275115,
  "num_trades": 70,
  "old_original_sharpe": 4.175599212265453,
  "old_multiscale_sharpe": 2.2430062068545285,
  "improvement_vs_original": -2.816615747619699,
  "improvement_vs_multiscale": -0.8840227422087741,
  "timestamp": "2025-10-31 16:28:18"
}