{
  "ticker": "ABT",
  "group": "LOW",
  "volatility_pct": 1.385531144292016,
  "train_samples": 603,
  "test_samples": 151,
  "features": 185,
  "train_corr": 0.7304393961908641,
  "test_corr": -0.1368933784802244,
  "train_rmse": 0.02119786949283216,
  "test_rmse": 0.03399751565397978,
  "sharpe": -4.888214294428833,
  "total_return": -0.6919971391777842,
  "avg_return": -0.0074718957205110355,
  "volatility": 0.02426503018234377,
  "win_rate": 0.29545454545454547,
  "max_drawdown": -0.7450940000307456,
  "num_trades": 44,
  "old_original_sharpe": 1.559859172674143,
  "old_multiscale_sharpe": 0.2660699343634335,
  "improvement_vs_original": -6.448073467102976,
  "improvement_vs_multiscale": -5.1542842287922666,
  "timestamp": "2025-10-31 16:28:20"
}