{
  "ticker": "AMD",
  "group": "HIGH",
  "volatility_pct": 3.4372200537600595,
  "train_samples": 808,
  "test_samples": 203,
  "features": 80,
  "train_corr": 0.47748027653062697,
  "test_corr": -0.31878486310735826,
  "train_rmse": 0.0671125837005845,
  "test_rmse": 0.09112328236896167,
  "sharpe": -4.79286876045947,
  "total_return": -0.9977647536980025,
  "avg_return": -0.02584363013383729,
  "volatility": 0.08559694211536913,
  "win_rate": 0.37681159420289856,
  "max_drawdown": -0.997676337873636,
  "num_trades": 69,
  "old_original_sharpe": -3.735285096534544,
  "old_multiscale_sharpe": -5.167317889664012,
  "improvement_vs_original": -1.0575836639249259,
  "improvement_vs_multiscale": 0.37444912920454243,
  "timestamp": "2025-10-31 16:28:02"
}