{
  "ticker": "AMZN",
  "group": "MEDIUM",
  "volatility_pct": 2.3298911198939605,
  "train_samples": 603,
  "test_samples": 151,
  "features": 89,
  "train_corr": 0.34611238940387395,
  "test_corr": -0.24891546212623272,
  "train_rmse": 0.04297035580280621,
  "test_rmse": 0.04541611087011451,
  "sharpe": -1.3848961568462885,
  "total_return": -0.5138326667308559,
  "avg_return": -0.0037907071825012324,
  "volatility": 0.043451352428344234,
  "win_rate": 0.5691056910569106,
  "max_drawdown": -0.7635279080408438,
  "num_trades": 123,
  "old_original_sharpe": -1.4512721159129245,
  "old_multiscale_sharpe": -3.766940780476614,
  "improvement_vs_original": 0.06637595906663596,
  "improvement_vs_multiscale": 2.3820446236303257,
  "timestamp": "2025-10-31 16:28:05"
}