{
  "ticker": "AVGO",
  "group": "MEDIUM",
  "volatility_pct": 2.779317067902655,
  "train_samples": 603,
  "test_samples": 151,
  "features": 89,
  "train_corr": 0.6599443622142629,
  "test_corr": 0.2370314156244867,
  "train_rmse": 0.048911287115514394,
  "test_rmse": 0.06196670222172691,
  "sharpe": 5.169339486418263,
  "total_return": 16.56182763208053,
  "avg_return": 0.021213077562728486,
  "volatility": 0.06514317110040459,
  "win_rate": 0.680672268907563,
  "max_drawdown": -0.6512644959304559,
  "num_trades": 119,
  "old_original_sharpe": 3.2157737414263963,
  "old_multiscale_sharpe": 3.704071929830005,
  "improvement_vs_original": 1.9535657449918666,
  "improvement_vs_multiscale": 1.465267556588258,
  "timestamp": "2025-10-31 16:28:03"
}