{
  "ticker": "AXP",
  "group": "MEDIUM",
  "volatility_pct": 1.90220631114826,
  "train_samples": 603,
  "test_samples": 151,
  "features": 89,
  "train_corr": 0.30897839203468697,
  "test_corr": 0.017794865603365094,
  "train_rmse": 0.0359582787376005,
  "test_rmse": 0.043768712781127116,
  "sharpe": -0.1300986296332923,
  "total_return": -0.18498524566418462,
  "avg_return": -0.00036275771763102027,
  "volatility": 0.044263342806593206,
  "win_rate": 0.574468085106383,
  "max_drawdown": -0.7058122461613296,
  "num_trades": 94,
  "old_original_sharpe": -0.8600606063092262,
  "old_multiscale_sharpe": 3.866681950598514,
  "improvement_vs_original": 0.7299619766759339,
  "improvement_vs_multiscale": -3.9967805802318064,
  "timestamp": "2025-10-31 16:28:08"
}