{
  "ticker": "BAC",
  "group": "MEDIUM",
  "volatility_pct": 1.7460001538561545,
  "train_samples": 603,
  "test_samples": 151,
  "features": 89,
  "train_corr": 0.2559269222659803,
  "test_corr": 0.1234060161998109,
  "train_rmse": 0.03809471805478172,
  "test_rmse": 0.042442639545172293,
  "sharpe": 3.1649670005050385,
  "total_return": 2.0771376173356386,
  "avg_return": 0.008388619844696,
  "volatility": 0.04207475518433903,
  "win_rate": 0.6688741721854304,
  "max_drawdown": -0.6043296030485139,
  "num_trades": 151,
  "old_original_sharpe": -1.6684590729190107,
  "old_multiscale_sharpe": 3.1649670005050385,
  "improvement_vs_original": 4.833426073424049,
  "improvement_vs_multiscale": 0.0,
  "timestamp": "2025-10-31 16:28:09"
}