{
  "ticker": "BLK",
  "group": "MEDIUM",
  "volatility_pct": 1.704180322290465,
  "train_samples": 603,
  "test_samples": 151,
  "features": 89,
  "train_corr": 0.30036582454105637,
  "test_corr": 0.09116171982943123,
  "train_rmse": 0.031865140733667904,
  "test_rmse": 0.03528507142037556,
  "sharpe": 3.1757113077237618,
  "total_return": 1.6312876252640174,
  "avg_return": 0.007065500738675713,
  "volatility": 0.03531849598018654,
  "win_rate": 0.6754966887417219,
  "max_drawdown": -0.49485356935704955,
  "num_trades": 151,
  "old_original_sharpe": -0.1085322129030447,
  "old_multiscale_sharpe": 3.1757113077237618,
  "improvement_vs_original": 3.2842435206268066,
  "improvement_vs_multiscale": 0.0,
  "timestamp": "2025-10-31 16:28:10"
}