{
  "ticker": "BRK-B",
  "group": "LOW",
  "volatility_pct": 1.1138484364425405,
  "train_samples": 603,
  "test_samples": 151,
  "features": 185,
  "train_corr": 0.5636275728927176,
  "test_corr": 0.33036591044101454,
  "train_rmse": 0.019112938875046177,
  "test_rmse": 0.025332646621778074,
  "sharpe": -1.0079438127408524,
  "total_return": -0.22735519171444074,
  "avg_return": -0.00144677398025922,
  "volatility": 0.0227858186539756,
  "win_rate": 0.4503311258278146,
  "max_drawdown": -0.5045568642201496,
  "num_trades": 151,
  "old_original_sharpe": 1.269651411736102,
  "old_multiscale_sharpe": -1.0079438127408524,
  "improvement_vs_original": -2.277595224476954,
  "improvement_vs_multiscale": 0.0,
  "timestamp": "2025-10-31 16:28:24"
}