{
  "ticker": "CAT",
  "group": "MEDIUM",
  "volatility_pct": 1.8576339376720683,
  "train_samples": 603,
  "test_samples": 151,
  "features": 89,
  "train_corr": 0.3497467621939022,
  "test_corr": -0.11395994103412067,
  "train_rmse": 0.038704340764880676,
  "test_rmse": 0.04550477346031661,
  "sharpe": 5.6316986501786,
  "total_return": 7.884272337841635,
  "avg_return": 0.015553189258769357,
  "volatility": 0.04384098663161219,
  "win_rate": 0.6887417218543046,
  "max_drawdown": -0.577150214857788,
  "num_trades": 151,
  "old_original_sharpe": 3.951969998182327,
  "old_multiscale_sharpe": -0.6120412387793862,
  "improvement_vs_original": 1.6797286519962729,
  "improvement_vs_multiscale": 6.243739888957986,
  "timestamp": "2025-10-31 16:28:08"
}