{
  "ticker": "COST",
  "group": "LOW",
  "volatility_pct": 1.4896853429701455,
  "train_samples": 603,
  "test_samples": 151,
  "features": 185,
  "train_corr": 0.7397988282440351,
  "test_corr": 0.2719446859310939,
  "train_rmse": 0.02138713957471438,
  "test_rmse": 0.027602557728481192,
  "sharpe": 1.4094145814292602,
  "total_return": 0.3308521821125838,
  "avg_return": 0.002199046012196125,
  "volatility": 0.02476827874432463,
  "win_rate": 0.47706422018348627,
  "max_drawdown": -0.30454703533084293,
  "num_trades": 109,
  "old_original_sharpe": 0.1294173242828059,
  "old_multiscale_sharpe": 1.040865328042173,
  "improvement_vs_original": 1.2799972571464544,
  "improvement_vs_multiscale": 0.3685492533870873,
  "timestamp": "2025-10-31 16:28:15"
}