{
  "ticker": "CRM",
  "group": "MEDIUM",
  "volatility_pct": 2.34120395095576,
  "train_samples": 603,
  "test_samples": 151,
  "features": 89,
  "train_corr": 0.44105262515774946,
  "test_corr": 0.1977166519652285,
  "train_rmse": 0.04569475661112171,
  "test_rmse": 0.043005990454153716,
  "sharpe": -0.7567773344212895,
  "total_return": -0.3579792340526248,
  "avg_return": -0.0020252683119434583,
  "volatility": 0.04248295540467948,
  "win_rate": 0.5165562913907285,
  "max_drawdown": -0.6511370903279096,
  "num_trades": 151,
  "old_original_sharpe": 3.2264769016127683,
  "old_multiscale_sharpe": -0.8705521891245558,
  "improvement_vs_original": -3.9832542360340577,
  "improvement_vs_multiscale": 0.11377485470326631,
  "timestamp": "2025-10-31 16:28:05"
}