{
  "ticker": "CSCO",
  "group": "LOW",
  "volatility_pct": 1.469271701835641,
  "train_samples": 603,
  "test_samples": 151,
  "features": 185,
  "train_corr": 0.7728006070111219,
  "test_corr": 0.1681508862219368,
  "train_rmse": 0.021199001450145926,
  "test_rmse": 0.03340350966392496,
  "sharpe": -0.15984420853248704,
  "total_return": -0.12627237960254634,
  "avg_return": -0.00033345535454141735,
  "volatility": 0.03311624298030747,
  "win_rate": 0.7096774193548387,
  "max_drawdown": -0.47558642938735485,
  "num_trades": 62,
  "old_original_sharpe": 2.708033836708012,
  "old_multiscale_sharpe": 2.733554399539645,
  "improvement_vs_original": -2.867878045240499,
  "improvement_vs_multiscale": -2.893398608072132,
  "timestamp": "2025-10-31 16:28:16"
}