{
  "ticker": "CVX",
  "group": "MEDIUM",
  "volatility_pct": 1.6055242826560785,
  "train_samples": 603,
  "test_samples": 151,
  "features": 89,
  "train_corr": 0.27712941280771136,
  "test_corr": 0.2211078549427802,
  "train_rmse": 0.029723144081994522,
  "test_rmse": 0.03920070916497495,
  "sharpe": 1.1271296582615806,
  "total_return": 0.3460535754533629,
  "avg_return": 0.002780007724048807,
  "volatility": 0.03915366272243817,
  "win_rate": 0.6119402985074627,
  "max_drawdown": -0.6557667491450929,
  "num_trades": 134,
  "old_original_sharpe": 1.2057493762082736,
  "old_multiscale_sharpe": 1.420843808111995,
  "improvement_vs_original": -0.07861971794669298,
  "improvement_vs_multiscale": -0.29371414985041433,
  "timestamp": "2025-10-31 16:28:11"
}