{
  "ticker": "DIS",
  "group": "MEDIUM",
  "volatility_pct": 1.8960791195571476,
  "train_samples": 603,
  "test_samples": 151,
  "features": 89,
  "train_corr": 0.3404177059377686,
  "test_corr": 0.26329879223089064,
  "train_rmse": 0.037448491163995415,
  "test_rmse": 0.047620181799764516,
  "sharpe": 2.503978451345625,
  "total_return": 1.645860052697207,
  "avg_return": 0.007547536485320919,
  "volatility": 0.04784922459843327,
  "win_rate": 0.7222222222222222,
  "max_drawdown": -0.4398281611660626,
  "num_trades": 18,
  "old_original_sharpe": 4.509855430065385,
  "old_multiscale_sharpe": 2.503978451345625,
  "improvement_vs_original": -2.00587697871976,
  "improvement_vs_multiscale": 0.0,
  "timestamp": "2025-10-31 16:28:08"
}