{
  "ticker": "GE",
  "group": "MEDIUM",
  "volatility_pct": 1.9167381687281693,
  "train_samples": 603,
  "test_samples": 151,
  "features": 89,
  "train_corr": 0.3374997328245921,
  "test_corr": 0.28505566054769943,
  "train_rmse": 0.034774914418929964,
  "test_rmse": 0.044877440924213814,
  "sharpe": 5.29562521311066,
  "total_return": 7.038523283987191,
  "avg_return": 0.014925458017115327,
  "volatility": 0.044741516094368515,
  "win_rate": 0.6821192052980133,
  "max_drawdown": -0.585622035227621,
  "num_trades": 151,
  "old_original_sharpe": 5.728437481653987,
  "old_multiscale_sharpe": 5.29562521311066,
  "improvement_vs_original": -0.4328122685433273,
  "improvement_vs_multiscale": 0.0,
  "timestamp": "2025-10-31 16:28:07"
}