{
  "ticker": "GOOGL",
  "group": "MEDIUM",
  "volatility_pct": 2.031963150285049,
  "train_samples": 603,
  "test_samples": 151,
  "features": 89,
  "train_corr": 0.4078682863812937,
  "test_corr": -0.012046348271704622,
  "train_rmse": 0.04133026072832945,
  "test_rmse": 0.04425960306471284,
  "sharpe": 5.773109878995069,
  "total_return": 7.89716375612943,
  "avg_return": 0.01547189346213446,
  "volatility": 0.042543568305565806,
  "win_rate": 0.6556291390728477,
  "max_drawdown": -0.41934638909198424,
  "num_trades": 151,
  "old_original_sharpe": 0.1080750210652532,
  "old_multiscale_sharpe": 1.523346856632802,
  "improvement_vs_original": 5.665034857929816,
  "improvement_vs_multiscale": 4.249763022362267,
  "timestamp": "2025-10-31 16:28:06"
}