{
  "ticker": "HD",
  "group": "MEDIUM",
  "volatility_pct": 1.5343487507043538,
  "train_samples": 603,
  "test_samples": 151,
  "features": 89,
  "train_corr": NaN,
  "test_corr": NaN,
  "train_rmse": 0.03180589767526094,
  "test_rmse": 0.027480629003029798,
  "sharpe": 2.189567789117302,
  "total_return": 0.6716971308488453,
  "avg_return": 0.0037868621468885306,
  "volatility": 0.027454995108391535,
  "win_rate": 0.5827814569536424,
  "max_drawdown": -0.3988666598518332,
  "num_trades": 151,
  "old_original_sharpe": 0.0826303661442801,
  "old_multiscale_sharpe": 2.189567789117302,
  "improvement_vs_original": 2.106937422973022,
  "improvement_vs_multiscale": 0.0,
  "timestamp": "2025-10-31 16:28:12"
}