{
  "ticker": "IBM",
  "group": "MEDIUM",
  "volatility_pct": 1.5112009028654263,
  "train_samples": 603,
  "test_samples": 151,
  "features": 89,
  "train_corr": NaN,
  "test_corr": NaN,
  "train_rmse": 0.032909589374906865,
  "test_rmse": 0.03798718895166067,
  "sharpe": 2.1100974727060824,
  "total_return": 0.916555554980083,
  "avg_return": 0.005045516311896582,
  "volatility": 0.03795800403498493,
  "win_rate": 0.6225165562913907,
  "max_drawdown": -0.6448976079080676,
  "num_trades": 151,
  "old_original_sharpe": 3.2966456693953385,
  "old_multiscale_sharpe": 2.1100974727060824,
  "improvement_vs_original": -1.1865481966892562,
  "improvement_vs_multiscale": 0.0,
  "timestamp": "2025-10-31 16:28:13"
}