{
  "ticker": "INTC",
  "group": "HIGH",
  "volatility_pct": 3.0501998215865367,
  "train_samples": 808,
  "test_samples": 203,
  "features": 80,
  "train_corr": 0.3924268183028182,
  "test_corr": 0.04657106148175253,
  "train_rmse": 0.05648976426915608,
  "test_rmse": 0.0968409052993556,
  "sharpe": 0.9103200217788296,
  "total_return": 0.18944963294748063,
  "avg_return": 0.005444605834825997,
  "volatility": 0.09494511390119008,
  "win_rate": 0.5625,
  "max_drawdown": -0.9474338776683091,
  "num_trades": 96,
  "old_original_sharpe": 0.0194487637811291,
  "old_multiscale_sharpe": 3.630627739002271,
  "improvement_vs_original": 0.8908712579977005,
  "improvement_vs_multiscale": -2.7203077172234416,
  "timestamp": "2025-10-31 16:28:02"
}