{
  "ticker": "ISRG",
  "group": "MEDIUM",
  "volatility_pct": 2.185279404683705,
  "train_samples": 603,
  "test_samples": 151,
  "features": 89,
  "train_corr": 0.34616619030948165,
  "test_corr": -0.10232539013459273,
  "train_rmse": 0.03770652138951511,
  "test_rmse": 0.05278272866044141,
  "sharpe": 0.4038058587216064,
  "total_return": 0.02288063537825491,
  "avg_return": 0.0011855723655145257,
  "volatility": 0.04660749079301312,
  "win_rate": 0.47019867549668876,
  "max_drawdown": -0.7267774417202711,
  "num_trades": 151,
  "old_original_sharpe": -1.0746378696965262,
  "old_multiscale_sharpe": 0.424882701493481,
  "improvement_vs_original": 1.4784437284181327,
  "improvement_vs_multiscale": -0.021076842771874604,
  "timestamp": "2025-10-31 16:28:05"
}