{
  "ticker": "JNJ",
  "group": "LOW",
  "volatility_pct": 1.0840652322232682,
  "train_samples": 603,
  "test_samples": 151,
  "features": 185,
  "train_corr": 0.5384927549601544,
  "test_corr": 0.15779104553005738,
  "train_rmse": 0.019238604781853068,
  "test_rmse": 0.02680399292955358,
  "sharpe": -1.6289457235861462,
  "total_return": -0.3618386599546326,
  "avg_return": -0.0026398705533986224,
  "volatility": 0.025726238302104517,
  "win_rate": 0.7692307692307693,
  "max_drawdown": -0.6316861123878977,
  "num_trades": 26,
  "old_original_sharpe": -4.523282426654036,
  "old_multiscale_sharpe": 3.69727643729606,
  "improvement_vs_original": 2.8943367030678893,
  "improvement_vs_multiscale": -5.326222160882206,
  "timestamp": "2025-10-31 16:28:25"
}