{
  "ticker": "JPM",
  "group": "MEDIUM",
  "volatility_pct": 1.566522690693575,
  "train_samples": 603,
  "test_samples": 151,
  "features": 89,
  "train_corr": 0.2368756099899471,
  "test_corr": 0.2528402776198155,
  "train_rmse": 0.03075185240329885,
  "test_rmse": 0.03449813518660284,
  "sharpe": 3.9882418502690538,
  "total_return": 2.3657736899178525,
  "avg_return": 0.008671937237982293,
  "volatility": 0.03451714842515932,
  "win_rate": 0.6556291390728477,
  "max_drawdown": -0.44766181380651304,
  "num_trades": 151,
  "old_original_sharpe": 1.2924591217337382,
  "old_multiscale_sharpe": 2.6054860384706497,
  "improvement_vs_original": 2.6957827285353155,
  "improvement_vs_multiscale": 1.382755811798404,
  "timestamp": "2025-10-31 16:28:12"
}