{
  "ticker": "KO",
  "group": "LOW",
  "volatility_pct": 1.025617902097208,
  "train_samples": 603,
  "test_samples": 151,
  "features": 185,
  "train_corr": 0.5670149219945821,
  "test_corr": 0.06849159276994472,
  "train_rmse": 0.01767814642139005,
  "test_rmse": 0.021116672853022253,
  "sharpe": 1.130593379306363,
  "total_return": 0.21102109472505637,
  "avg_return": 0.0014865397052564219,
  "volatility": 0.020872301816651617,
  "win_rate": 0.4594594594594595,
  "max_drawdown": -0.2440109547224342,
  "num_trades": 37,
  "old_original_sharpe": 2.221036086951288,
  "old_multiscale_sharpe": 0.2553142472818041,
  "improvement_vs_original": -1.0904427076449252,
  "improvement_vs_multiscale": 0.8752791320245589,
  "timestamp": "2025-10-31 16:28:26"
}