{
  "ticker": "LLY",
  "group": "MEDIUM",
  "volatility_pct": 2.026488655645125,
  "train_samples": 603,
  "test_samples": 151,
  "features": 89,
  "train_corr": 0.37364244178124256,
  "test_corr": 0.2801537566243913,
  "train_rmse": 0.04029696371497318,
  "test_rmse": 0.06325308916527632,
  "sharpe": 0.1962961671149198,
  "total_return": -0.17949975267181195,
  "avg_return": 0.0008005668390697345,
  "volatility": 0.06474199048900113,
  "win_rate": 0.5174825174825175,
  "max_drawdown": -0.7973818488196471,
  "num_trades": 143,
  "old_original_sharpe": 1.3546311302759488,
  "old_multiscale_sharpe": 0.4091015104217562,
  "improvement_vs_original": -1.1583349631610291,
  "improvement_vs_multiscale": -0.2128053433068364,
  "timestamp": "2025-10-31 16:28:07"
}