{
  "ticker": "MCD",
  "group": "LOW",
  "volatility_pct": 1.1055700016719427,
  "train_samples": 603,
  "test_samples": 151,
  "features": 185,
  "train_corr": 0.6612715719287527,
  "test_corr": 0.4292171059393709,
  "train_rmse": 0.01955768010520751,
  "test_rmse": 0.021450605259482627,
  "sharpe": 0.7830928794082681,
  "total_return": 0.12949286832729912,
  "avg_return": 0.0010194116598974188,
  "volatility": 0.020665056265556814,
  "win_rate": 0.8571428571428571,
  "max_drawdown": -0.31642655904456535,
  "num_trades": 7,
  "old_original_sharpe": 0.9871164216029008,
  "old_multiscale_sharpe": 0.642400252299195,
  "improvement_vs_original": -0.2040235421946327,
  "improvement_vs_multiscale": 0.14069262710907315,
  "timestamp": "2025-10-31 16:28:24"
}