{
  "ticker": "META",
  "group": "MEDIUM",
  "volatility_pct": 2.89843316481685,
  "train_samples": 603,
  "test_samples": 151,
  "features": 89,
  "train_corr": 0.5084143688285808,
  "test_corr": 0.15389023795050827,
  "train_rmse": 0.045110982315755645,
  "test_rmse": 0.049674612302730285,
  "sharpe": 2.9081341011845145,
  "total_return": 2.226329112567107,
  "avg_return": 0.008980331485407346,
  "volatility": 0.04902055333342472,
  "win_rate": 0.593103448275862,
  "max_drawdown": -0.585141014314305,
  "num_trades": 145,
  "old_original_sharpe": 0.0318438684762097,
  "old_multiscale_sharpe": 0.697426864812454,
  "improvement_vs_original": 2.8762902327083046,
  "improvement_vs_multiscale": 2.210707236372061,
  "timestamp": "2025-10-31 16:28:03"
}