{
  "ticker": "MRK",
  "group": "LOW",
  "volatility_pct": 1.4735835070486218,
  "train_samples": 603,
  "test_samples": 151,
  "features": 185,
  "train_corr": 0.7587694575803146,
  "test_corr": -0.0028670774199083303,
  "train_rmse": 0.021239228844073404,
  "test_rmse": 0.048253662392579194,
  "sharpe": -0.6771144748134861,
  "total_return": -0.352177230692451,
  "avg_return": -0.0018947640676027606,
  "volatility": 0.04442150953041391,
  "win_rate": 0.45695364238410596,
  "max_drawdown": -0.6728948066276675,
  "num_trades": 151,
  "old_original_sharpe": -0.8272225062051992,
  "old_multiscale_sharpe": -0.6771144748134861,
  "improvement_vs_original": 0.15010803139171314,
  "improvement_vs_multiscale": 0.0,
  "timestamp": "2025-10-31 16:28:15"
}