{
  "ticker": "MSFT",
  "group": "MEDIUM",
  "volatility_pct": 1.6907204620808964,
  "train_samples": 603,
  "test_samples": 151,
  "features": 89,
  "train_corr": NaN,
  "test_corr": NaN,
  "train_rmse": 0.031853847862780636,
  "test_rmse": 0.032840281869600293,
  "sharpe": 5.071492988819209,
  "total_return": 3.3754754259324775,
  "avg_return": 0.010334909007670782,
  "volatility": 0.03234976262460882,
  "win_rate": 0.6887417218543046,
  "max_drawdown": -0.29674774019901473,
  "num_trades": 151,
  "old_original_sharpe": 2.978430865493685,
  "old_multiscale_sharpe": 5.071492988819209,
  "improvement_vs_original": 2.0930621233255238,
  "improvement_vs_multiscale": 0.0,
  "timestamp": "2025-10-31 16:28:10"
}