{
  "ticker": "NEE",
  "group": "MEDIUM",
  "volatility_pct": 1.7697365767534603,
  "train_samples": 603,
  "test_samples": 151,
  "features": 89,
  "train_corr": 0.312147698296713,
  "test_corr": -0.24371085659302982,
  "train_rmse": 0.036246455786482265,
  "test_rmse": 0.041413651516304294,
  "sharpe": -1.972220175770255,
  "total_return": -0.589167431817287,
  "avg_return": -0.005042482359937564,
  "volatility": 0.040587215804993367,
  "win_rate": 0.4700854700854701,
  "max_drawdown": -0.7776737488213162,
  "num_trades": 117,
  "old_original_sharpe": -0.3009231129489526,
  "old_multiscale_sharpe": -1.972220175770255,
  "improvement_vs_original": -1.6712970628213024,
  "improvement_vs_multiscale": 0.0,
  "timestamp": "2025-10-31 16:28:09"
}