{
  "ticker": "NFLX",
  "group": "MEDIUM",
  "volatility_pct": 2.8672954044214407,
  "train_samples": 603,
  "test_samples": 151,
  "features": 89,
  "train_corr": 0.4769832080474662,
  "test_corr": 0.17145775748556413,
  "train_rmse": 0.046401798276610055,
  "test_rmse": 0.045321546083207424,
  "sharpe": 3.285897361769912,
  "total_return": 2.3092676844731472,
  "avg_return": 0.008852637295711108,
  "volatility": 0.04276800061501195,
  "win_rate": 0.5827814569536424,
  "max_drawdown": -0.4470431979759681,
  "num_trades": 151,
  "old_original_sharpe": 4.379679460214441,
  "old_multiscale_sharpe": 2.264197392987626,
  "improvement_vs_original": -1.093782098444529,
  "improvement_vs_multiscale": 1.0216999687822863,
  "timestamp": "2025-10-31 16:28:03"
}