{
  "ticker": "NOW",
  "group": "MEDIUM",
  "volatility_pct": 2.6308298729998008,
  "train_samples": 603,
  "test_samples": 151,
  "features": 89,
  "train_corr": 0.45924224858848245,
  "test_corr": -0.162716922883319,
  "train_rmse": 0.04282110046332641,
  "test_rmse": 0.059429823186710265,
  "sharpe": -1.4374279905039338,
  "total_return": -0.6220650217454711,
  "avg_return": -0.004864512339543169,
  "volatility": 0.053722162021587534,
  "win_rate": 0.0,
  "max_drawdown": -0.8425544286685842,
  "num_trades": 0,
  "old_original_sharpe": 1.0260435439532627,
  "old_multiscale_sharpe": -4.740798483178933,
  "improvement_vs_original": -2.4634715344571965,
  "improvement_vs_multiscale": 3.3033704926749996,
  "timestamp": "2025-10-31 16:28:04"
}