{
  "ticker": "NVDA",
  "group": "HIGH",
  "volatility_pct": 3.451985277592219,
  "train_samples": 808,
  "test_samples": 203,
  "features": 80,
  "train_corr": 0.5105232509112112,
  "test_corr": 0.14376033889371476,
  "train_rmse": 0.0685729154737387,
  "test_rmse": 0.06570646168930445,
  "sharpe": 3.2822330208292856,
  "total_return": 9.091079870435292,
  "avg_return": 0.013605309730777325,
  "volatility": 0.0658020301956791,
  "win_rate": 0.6542553191489362,
  "max_drawdown": -0.8048668518519382,
  "num_trades": 188,
  "old_original_sharpe": 3.97469249024272,
  "old_multiscale_sharpe": 2.976592644205228,
  "improvement_vs_original": -0.6924594694134343,
  "improvement_vs_multiscale": 0.30564037662405763,
  "timestamp": "2025-10-31 16:28:01"
}