{
  "ticker": "ORCL",
  "group": "MEDIUM",
  "volatility_pct": 2.5387936658639805,
  "train_samples": 603,
  "test_samples": 151,
  "features": 89,
  "train_corr": 0.49784753310034285,
  "test_corr": 0.08339430602957214,
  "train_rmse": 0.04401490934725408,
  "test_rmse": 0.0886425409702376,
  "sharpe": 3.5514893972670754,
  "total_return": 10.085760403996453,
  "avg_return": 0.019470785883161316,
  "volatility": 0.08703085074809476,
  "win_rate": 0.654320987654321,
  "max_drawdown": -0.6230802831366573,
  "num_trades": 81,
  "old_original_sharpe": 3.053296675438092,
  "old_multiscale_sharpe": 0.0439899910212136,
  "improvement_vs_original": 0.4981927218289832,
  "improvement_vs_multiscale": 3.5074994062458615,
  "timestamp": "2025-10-31 16:28:04"
}