{
  "ticker": "PEP",
  "group": "LOW",
  "volatility_pct": 1.1677885304955706,
  "train_samples": 603,
  "test_samples": 151,
  "features": 185,
  "train_corr": 0.6638505325123664,
  "test_corr": 0.20480367492076545,
  "train_rmse": 0.01974571166985251,
  "test_rmse": 0.029927221853379107,
  "sharpe": 3.473214929958049,
  "total_return": 1.4524311812993465,
  "avg_return": 0.006377270848640802,
  "volatility": 0.02914764513408767,
  "win_rate": 0.4883720930232558,
  "max_drawdown": -0.45984458621731306,
  "num_trades": 129,
  "old_original_sharpe": -0.4095024869717959,
  "old_multiscale_sharpe": -0.6943241916162812,
  "improvement_vs_original": 3.882717416929845,
  "improvement_vs_multiscale": 4.16753912157433,
  "timestamp": "2025-10-31 16:28:22"
}