{
  "ticker": "PG",
  "group": "LOW",
  "volatility_pct": 1.1250246466873182,
  "train_samples": 603,
  "test_samples": 151,
  "features": 185,
  "train_corr": 0.5920902772537912,
  "test_corr": 0.11996295475366386,
  "train_rmse": 0.018095238858464983,
  "test_rmse": 0.026272948793215217,
  "sharpe": -0.3803060428763061,
  "total_return": -0.12787024189817298,
  "avg_return": -0.0005965389500848927,
  "volatility": 0.024900372826337707,
  "win_rate": 0.45925925925925926,
  "max_drawdown": -0.42296650045503703,
  "num_trades": 135,
  "old_original_sharpe": -1.043629392173797,
  "old_multiscale_sharpe": -2.01096860226584,
  "improvement_vs_original": 0.6633233492974908,
  "improvement_vs_multiscale": 1.6306625593895339,
  "timestamp": "2025-10-31 16:28:23"
}