{
  "ticker": "PM",
  "group": "LOW",
  "volatility_pct": 1.404687381773834,
  "train_samples": 603,
  "test_samples": 151,
  "features": 185,
  "train_corr": 0.7444572514593392,
  "test_corr": -0.20751343424248347,
  "train_rmse": 0.020876177507635894,
  "test_rmse": 0.03987953165576301,
  "sharpe": -0.8619521059244892,
  "total_return": -0.3257040310881637,
  "avg_return": -0.0019495394293796177,
  "volatility": 0.035904522762695824,
  "win_rate": 0.5342465753424658,
  "max_drawdown": -0.5772458115517329,
  "num_trades": 146,
  "old_original_sharpe": 2.421671527512453,
  "old_multiscale_sharpe": 0.6010088098178503,
  "improvement_vs_original": -3.2836236334369424,
  "improvement_vs_multiscale": -1.4629609157423396,
  "timestamp": "2025-10-31 16:28:19"
}