{
  "ticker": "QCOM",
  "group": "MEDIUM",
  "volatility_pct": 2.482642811043492,
  "train_samples": 603,
  "test_samples": 151,
  "features": 89,
  "train_corr": 0.46127204717376896,
  "test_corr": -0.12168414367569973,
  "train_rmse": 0.04343293476456039,
  "test_rmse": 0.04960125102140827,
  "sharpe": 1.160509550212744,
  "total_return": 0.4273490791269863,
  "avg_return": 0.003618005766727751,
  "volatility": 0.049490382042979654,
  "win_rate": 0.5496688741721855,
  "max_drawdown": -0.6045755052632085,
  "num_trades": 151,
  "old_original_sharpe": 0.3090667575055626,
  "old_multiscale_sharpe": 1.160509550212744,
  "improvement_vs_original": 0.8514427927071815,
  "improvement_vs_multiscale": 0.0,
  "timestamp": "2025-10-31 16:28:04"
}