{
  "ticker": "RTX",
  "group": "MEDIUM",
  "volatility_pct": 1.5251688942920796,
  "train_samples": 603,
  "test_samples": 151,
  "features": 89,
  "train_corr": NaN,
  "test_corr": NaN,
  "train_rmse": 0.03010945138614618,
  "test_rmse": 0.038964530017473395,
  "sharpe": 3.7473037309174964,
  "total_return": 2.5228032908464506,
  "avg_return": 0.009119433824525059,
  "volatility": 0.03863218313210464,
  "win_rate": 0.6423841059602649,
  "max_drawdown": -0.40745411202865145,
  "num_trades": 151,
  "old_original_sharpe": 4.763146159574153,
  "old_multiscale_sharpe": 3.747303730917496,
  "improvement_vs_original": -1.0158424286566565,
  "improvement_vs_multiscale": 4.440892098500626e-16,
  "timestamp": "2025-10-31 16:28:13"
}