{
  "ticker": "SCHW",
  "group": "MEDIUM",
  "volatility_pct": 2.097255488947811,
  "train_samples": 603,
  "test_samples": 151,
  "features": 89,
  "train_corr": 0.5220792094942994,
  "test_corr": 0.16694496045918156,
  "train_rmse": 0.04337342953630541,
  "test_rmse": 0.04307964272812984,
  "sharpe": -1.6876762106431675,
  "total_return": -0.4461625787268715,
  "avg_return": -0.0033958787140406068,
  "volatility": 0.03194208878419369,
  "win_rate": 0.6,
  "max_drawdown": -0.6273814340452775,
  "num_trades": 30,
  "old_original_sharpe": 4.207624651246654,
  "old_multiscale_sharpe": -1.6876762106431675,
  "improvement_vs_original": -5.8953008618898215,
  "improvement_vs_multiscale": 0.0,
  "timestamp": "2025-10-31 16:28:06"
}