{
  "ticker": "T",
  "group": "MEDIUM",
  "volatility_pct": 1.5737875691313965,
  "train_samples": 603,
  "test_samples": 151,
  "features": 89,
  "train_corr": 0.28053250650757633,
  "test_corr": 0.05453506391725353,
  "train_rmse": 0.032386209407794186,
  "test_rmse": 0.029122572853772292,
  "sharpe": -0.3916227930663151,
  "total_return": -0.15225384296693778,
  "avg_return": -0.0006929787325071202,
  "volatility": 0.02809003085415602,
  "win_rate": 0.5298013245033113,
  "max_drawdown": -0.4966046093050242,
  "num_trades": 151,
  "old_original_sharpe": 1.755908288554887,
  "old_multiscale_sharpe": -0.3916227930663151,
  "improvement_vs_original": -2.147531081621202,
  "improvement_vs_multiscale": 0.0,
  "timestamp": "2025-10-31 16:28:12"
}