{
  "ticker": "TMO",
  "group": "MEDIUM",
  "volatility_pct": 1.7266891826584685,
  "train_samples": 603,
  "test_samples": 151,
  "features": 89,
  "train_corr": 0.2993883353671197,
  "test_corr": NaN,
  "train_rmse": 0.03136957853282766,
  "test_rmse": 0.05239765232588957,
  "sharpe": 1.1086356274004479,
  "total_return": 0.42157408058899115,
  "avg_return": 0.003656807655813215,
  "volatility": 0.052361678141437676,
  "win_rate": 0.44370860927152317,
  "max_drawdown": -0.7406243436353016,
  "num_trades": 151,
  "old_original_sharpe": 1.541429065287467,
  "old_multiscale_sharpe": 1.108635627400448,
  "improvement_vs_original": -0.4327934378870191,
  "improvement_vs_multiscale": -2.220446049250313e-16,
  "timestamp": "2025-10-31 16:28:10"
}