{
  "ticker": "TMUS",
  "group": "MEDIUM",
  "volatility_pct": 1.5101211470261011,
  "train_samples": 603,
  "test_samples": 151,
  "features": 89,
  "train_corr": NaN,
  "test_corr": NaN,
  "train_rmse": 0.02770511840582724,
  "test_rmse": 0.03692507482635582,
  "sharpe": -1.6451077150691222,
  "total_return": -0.48155975068257584,
  "avg_return": -0.003699484234501757,
  "volatility": 0.0356982652529274,
  "win_rate": 0.47019867549668876,
  "max_drawdown": -0.5801389744882546,
  "num_trades": 151,
  "old_original_sharpe": 0.3475749116890561,
  "old_multiscale_sharpe": -1.6451077150691222,
  "improvement_vs_original": -1.9926826267581783,
  "improvement_vs_multiscale": 0.0,
  "timestamp": "2025-10-31 16:28:14"
}