{
  "ticker": "TSLA",
  "group": "HIGH",
  "volatility_pct": 3.9666343228959846,
  "train_samples": 808,
  "test_samples": 203,
  "features": 80,
  "train_corr": 0.5735610287813372,
  "test_corr": 0.0053540367288240995,
  "train_rmse": 0.07483421061398654,
  "test_rmse": 0.08925131787902829,
  "sharpe": -0.3639274580399847,
  "total_return": -0.6990087661165996,
  "avg_return": -0.0020081300517624965,
  "volatility": 0.0875945895237466,
  "win_rate": 0.4943820224719101,
  "max_drawdown": -0.9459722174967753,
  "num_trades": 89,
  "old_original_sharpe": -1.3037603561882003,
  "old_multiscale_sharpe": -4.562816267481749,
  "improvement_vs_original": 0.9398328981482156,
  "improvement_vs_multiscale": 4.1988888094417645,
  "timestamp": "2025-10-31 16:28:01"
}