{
  "ticker": "UNH",
  "group": "MEDIUM",
  "volatility_pct": 1.9827865740924315,
  "train_samples": 603,
  "test_samples": 151,
  "features": 89,
  "train_corr": 0.35204962612650814,
  "test_corr": -0.23601799325920095,
  "train_rmse": 0.0342476546833156,
  "test_rmse": 0.08848172886257592,
  "sharpe": 0.48603379411348263,
  "total_return": -0.1480829667021596,
  "avg_return": 0.0026560244582934513,
  "volatility": 0.08674927889201994,
  "win_rate": 0.4962962962962963,
  "max_drawdown": -0.9422680726111247,
  "num_trades": 135,
  "old_original_sharpe": 1.0650201019702723,
  "old_multiscale_sharpe": -2.6359497310753297,
  "improvement_vs_original": -0.5789863078567896,
  "improvement_vs_multiscale": 3.121983525188812,
  "timestamp": "2025-10-31 16:28:07"
}