{
  "ticker": "V",
  "group": "LOW",
  "volatility_pct": 1.4524825252355429,
  "train_samples": 603,
  "test_samples": 151,
  "features": 185,
  "train_corr": 0.7093597736450905,
  "test_corr": 0.2244078014350749,
  "train_rmse": 0.01990085983180832,
  "test_rmse": 0.02958508996632556,
  "sharpe": 4.207635574941193,
  "total_return": 2.025618369996328,
  "avg_return": 0.007787093750321019,
  "volatility": 0.029379036942260853,
  "win_rate": 0.6132075471698113,
  "max_drawdown": -0.23292193861434274,
  "num_trades": 106,
  "old_original_sharpe": -1.101616229780803,
  "old_multiscale_sharpe": 0.8108058053189682,
  "improvement_vs_original": 5.309251804721996,
  "improvement_vs_multiscale": 3.396829769622225,
  "timestamp": "2025-10-31 16:28:17"
}