{
  "ticker": "WMT",
  "group": "LOW",
  "volatility_pct": 1.359453085964837,
  "train_samples": 603,
  "test_samples": 151,
  "features": 185,
  "train_corr": 0.6586362882734207,
  "test_corr": 0.10818396852077997,
  "train_rmse": 0.020112612857588263,
  "test_rmse": 0.038353663212453336,
  "sharpe": 0.6087324690535505,
  "total_return": 0.11660839740370199,
  "avg_return": 0.0012592938397341044,
  "volatility": 0.03283982862953516,
  "win_rate": 0.7096774193548387,
  "max_drawdown": -0.5081326945929021,
  "num_trades": 31,
  "old_original_sharpe": 1.6773995409880644,
  "old_multiscale_sharpe": 3.755128917442597,
  "improvement_vs_original": -1.068667071934514,
  "improvement_vs_multiscale": -3.1463964483890465,
  "timestamp": "2025-10-31 16:28:21"
}