{
  "ticker": "XOM",
  "group": "MEDIUM",
  "volatility_pct": 1.6815976153189929,
  "train_samples": 603,
  "test_samples": 151,
  "features": 89,
  "train_corr": 0.2879854673343076,
  "test_corr": 0.2631309575881673,
  "train_rmse": 0.030028059065908597,
  "test_rmse": 0.03854024241630529,
  "sharpe": 0.4371395771894644,
  "total_return": 0.04547673358318938,
  "avg_return": 0.001068928943057841,
  "volatility": 0.03881762668180114,
  "win_rate": 0.5695364238410596,
  "max_drawdown": -0.5148961596932918,
  "num_trades": 151,
  "old_original_sharpe": 1.0556698480894569,
  "old_multiscale_sharpe": 0.4371395771894644,
  "improvement_vs_original": -0.6185302708999925,
  "improvement_vs_multiscale": 0.0,
  "timestamp": "2025-10-31 16:28:11"
}