{
  "ticker": "MA",
  "train_samples": 603,
  "test_samples": 151,
  "features": 185,
  "train_corr": NaN,
  "test_corr": NaN,
  "train_rmse": 0.024467251692266438,
  "test_rmse": 0.031337441238557306,
  "sharpe": 1.4751584919707668,
  "total_return": 0.436570277810326,
  "avg_return": 0.0029033687357032044,
  "volatility": 0.031243795215773692,
  "win_rate": 0.6423841059602649,
  "max_drawdown": -0.4097135765499149,
  "num_trades": 151,
  "old_sharpe": -2.636079266756178,
  "old_test_corr": -0.3720869106386729,
  "old_win_rate": 0.5795454545454546,
  "sharpe_improvement": 4.111237758726945,
  "corr_improvement": NaN,
  "timestamp": "2025-10-31 16:27:37"
}