{
  "ticker": "MRK",
  "train_samples": 603,
  "test_samples": 151,
  "features": 185,
  "train_corr": NaN,
  "test_corr": NaN,
  "train_rmse": 0.02911024688729403,
  "test_rmse": 0.0444859292061866,
  "sharpe": -0.6771144748134861,
  "total_return": -0.352177230692451,
  "avg_return": -0.0018947640676027606,
  "volatility": 0.04442150953041391,
  "win_rate": 0.45695364238410596,
  "max_drawdown": -0.6728948066276675,
  "num_trades": 151,
  "old_sharpe": -0.8272225062051992,
  "old_test_corr": NaN,
  "old_win_rate": 0.4778325123152709,
  "sharpe_improvement": 0.15010803139171314,
  "corr_improvement": null,
  "timestamp": "2025-10-31 16:27:52"
}