{
  "ticker": "MSFT",
  "train_samples": 603,
  "test_samples": 151,
  "features": 185,
  "train_corr": 0.3135067888793932,
  "test_corr": 0.1102815174473094,
  "train_rmse": 0.031558803433254616,
  "test_rmse": 0.03294173845333491,
  "sharpe": 5.071492988819209,
  "total_return": 3.3754754259324775,
  "avg_return": 0.010334909007670782,
  "volatility": 0.03234976262460882,
  "win_rate": 0.6887417218543046,
  "max_drawdown": -0.29674774019901473,
  "num_trades": 151,
  "old_sharpe": 2.978430865493685,
  "old_test_corr": NaN,
  "old_win_rate": 0.6305418719211823,
  "sharpe_improvement": 2.0930621233255238,
  "corr_improvement": null,
  "timestamp": "2025-10-31 16:27:30"
}