{
  "ticker": "NFLX",
  "train_samples": 603,
  "test_samples": 151,
  "features": 185,
  "train_corr": 0.575783359050816,
  "test_corr": 0.18417135521350117,
  "train_rmse": 0.04310245343761153,
  "test_rmse": 0.04297612393970485,
  "sharpe": 2.264197392987626,
  "total_return": 1.2045597924525682,
  "avg_return": 0.006166940669767339,
  "volatility": 0.04323702009240054,
  "win_rate": 0.6,
  "max_drawdown": -0.544467244156257,
  "num_trades": 100,
  "old_sharpe": 4.379679460214441,
  "old_test_corr": 0.2061617025504248,
  "old_win_rate": 0.7608695652173914,
  "sharpe_improvement": -2.1154820672268153,
  "corr_improvement": -0.02199034733692362,
  "timestamp": "2025-10-31 16:27:38"
}