{
  "ticker": "PEP",
  "train_samples": 603,
  "test_samples": 151,
  "features": 185,
  "train_corr": NaN,
  "test_corr": NaN,
  "train_rmse": 0.022108564434252163,
  "test_rmse": 0.029890548440895098,
  "sharpe": -0.6943241916162812,
  "total_return": -0.2329275506294134,
  "avg_return": -0.001303779578707299,
  "volatility": 0.029808639001970123,
  "win_rate": 0.0,
  "max_drawdown": -0.6145126250363869,
  "num_trades": 0,
  "old_sharpe": -0.4095024869717959,
  "old_test_corr": NaN,
  "old_win_rate": 0.0,
  "sharpe_improvement": -0.2848217046444853,
  "corr_improvement": null,
  "timestamp": "2025-10-31 16:27:53"
}