{
  "ticker": "TMUS",
  "train_samples": 603,
  "test_samples": 151,
  "features": 185,
  "train_corr": 0.29112377740206574,
  "test_corr": 0.09916559128065043,
  "train_rmse": 0.027358002186484903,
  "test_rmse": 0.037171973212346755,
  "sharpe": -1.6451077150691222,
  "total_return": -0.48155975068257584,
  "avg_return": -0.003699484234501757,
  "volatility": 0.0356982652529274,
  "win_rate": 0.47019867549668876,
  "max_drawdown": -0.5801389744882546,
  "num_trades": 151,
  "old_sharpe": 0.3475749116890561,
  "old_test_corr": NaN,
  "old_win_rate": 0.5123152709359606,
  "sharpe_improvement": -1.9926826267581783,
  "corr_improvement": null,
  "timestamp": "2025-10-31 16:27:50"
}