{
  "ticker": "WMT",
  "train_samples": 603,
  "test_samples": 151,
  "features": 185,
  "train_corr": 0.1975508266060985,
  "test_corr": 0.05063458900124321,
  "train_rmse": 0.02565085356425299,
  "test_rmse": 0.03208359993926258,
  "sharpe": 3.755128917442597,
  "total_return": 1.8959670219777705,
  "avg_return": 0.007565219911832217,
  "volatility": 0.031981363527492805,
  "win_rate": 0.5906040268456376,
  "max_drawdown": -0.30703331508255005,
  "num_trades": 149,
  "old_sharpe": 1.6773995409880644,
  "old_test_corr": NaN,
  "old_win_rate": 0.5763546798029556,
  "sharpe_improvement": 2.0777293764545326,
  "corr_improvement": null,
  "timestamp": "2025-10-31 16:27:35"
}